x_m,y_m,heading_rad,kind
0.000,0.0000,0.00000,start
0.250,0.0000,0.00000,center
0.500,0.0000,0.00000,center
0.750,0.0000,0.00000,center
1.000,0.0000,0.00000,center
1.250,0.0000,0.00000,center
1.500,0.0000,0.00000,center
1.750,0.0000,0.00000,center
2.000,0.0000,0.00000,center
2.250,0.0000,0.00000,center
2.500,0.0000,0.00000,center
2.750,0.0000,0.00000,center
3.000,0.0000,0.00000,center
3.250,-0.0245,-0.19177,center
3.500,-0.0955,-0.35378,center
3.750,-0.2061,-0.47028,center
4.000,-0.3455,-0.53863,center
4.250,-0.5000,-0.56098,center
4.500,-0.6545,-0.53863,center
4.750,-0.7939,-0.47028,center
5.000,-0.9045,-0.35378,center
5.250,-0.9755,-0.19177,center
5.500,-1.0000,-0.00000,center
5.750,-0.9755,0.19177,center
6.000,-0.9045,0.35378,center
6.250,-0.7939,0.47028,center
6.500,-0.6545,0.53863,center
6.750,-0.5000,0.56098,center
7.000,-0.3455,0.53863,center
7.250,-0.2061,0.47028,center
7.500,-0.0955,0.35378,center
7.750,-0.0245,0.19177,center
8.000,-0.0000,0.00000,center
8.250,0.0245,0.19177,center
8.500,0.0955,0.35378,center
8.750,0.2061,0.47028,center
9.000,0.3455,0.53863,center
9.250,0.5000,0.56098,center
9.500,0.6545,0.53863,center
9.750,0.7939,0.47028,center
10.000,0.9045,0.35378,center
10.250,0.9755,0.19177,center
10.500,1.0000,0.00000,center
10.750,0.9755,-0.19177,center
11.000,0.9045,-0.35378,center
11.250,0.7939,-0.47028,center
11.500,0.6545,-0.53863,center
11.750,0.5000,-0.56098,center
12.000,0.3455,-0.53863,center
12.250,0.2061,-0.47028,center
12.500,0.0955,-0.35378,center
12.750,0.0245,-0.19177,center
13.000,0.0000,-0.00000,center
13.250,0.0000,0.00000,center
13.500,0.0000,0.00000,center
13.750,0.0000,0.00000,center
14.000,0.0000,0.00000,center
14.250,0.0000,0.00000,center
14.500,0.0000,0.00000,center
14.750,0.0000,0.00000,center
15.000,0.0000,0.00000,center
15.250,0.0000,0.00000,center
15.500,0.0000,0.00000,center
15.750,0.0000,0.00000,center
16.000,0.0000,0.00000,center
16.250,0.0000,0.00000,center
16.500,0.0000,0.00000,finish
